season,matchday,h_team,a_team,h_goals,a_goals,h_ht_goals,a_ht_goals,h_shots_on_goal,a_shots_on_goal,h_distance,a_distance,h_total_passes,a_total_passes,h_success_passes,a_success_passes,h_failed_passes,a_failed_passes,h_pass_ratio,a_pass_ratio,h_possesion,a_possesion,h_tackle_ratio,a_tackle_ratio,h_fouls,a_fouls,h_got_fouled,a_got_fouled,h_offside,a_offside,h_corners,a_corners
13-14,1,Bayern München ,Bor. Mönchengladbach ,3,1,2,1,26,11,"118,81 km","118,53 km",635,436,585,359,50,77,92%,82%,59%,41%,53%,47%,12,11,9,11,3,3,6,4
13-14,1,TSG Hoffenheim ,1. FC Nürnberg ,2,2,1,0,23,12,"116,01 km","113,39 km",409,352,315,259,94,93,77%,74%,53%,47%,49%,51%,17,16,16,17,5,4,6,9
13-14,1,Bayer 04 Leverkusen ,SC Freiburg ,3,1,1,1,18,8,"113,9 km","118,93 km",405,481,319,392,86,89,79%,81%,46%,54%,61%,39%,10,15,15,10,2,3,5,2
13-14,1,Hannover 96 ,VfL Wolfsburg ,2,0,1,0,20,15,"108,94 km","103,15 km",409,403,351,323,58,80,86%,80%,50%,50%,44%,56%,28,11,11,27,1,4,7,2
13-14,1,FC Augsburg ,Borussia Dortmund ,0,4,0,1,11,13,"110,61 km","112,78 km",402,516,290,424,112,92,72%,82%,45%,55%,48%,52%,18,12,12,18,0,3,5,6
13-14,1,Hertha BSC ,Eintracht Frankfurt ,6,1,2,1,16,11,"112,32 km","107,03 km",330,491,266,406,64,85,81%,83%,40%,60%,44%,56%,19,18,18,17,3,2,5,4
13-14,1,Eintracht Braunschweig ,Werder Bremen ,0,1,0,0,13,12,"115,32 km","114,69 km",395,458,296,356,99,102,75%,78%,46%,54%,50%,50%,11,17,17,10,4,1,2,7
13-14,1,1. FSV Mainz 05 ,VfB Stuttgart ,3,2,1,1,10,18,"119,61 km","117,72 km",442,473,358,378,84,95,81%,80%,48%,52%,48%,52%,15,13,13,14,7,1,2,8
13-14,1,FC Schalke 04 ,Hamburger SV ,3,3,2,2,19,16,"114,6 km","119,07 km",532,389,433,295,99,94,81%,76%,58%,42%,49%,51%,15,11,10,12,0,4,3,7
13-14,2,VfB Stuttgart ,Bayer 04 Leverkusen ,0,1,0,1,18,13,"119,09 km","121,79 km",462,357,385,274,77,83,83%,77%,57%,43%,52%,48%,13,15,15,13,3,1,10,3
13-14,2,VfL Wolfsburg ,FC Schalke 04 ,4,0,0,0,23,6,"114,89 km","113,25 km",426,408,358,330,68,78,84%,81%,52%,48%,53%,47%,18,16,16,18,3,2,11,3
13-14,2,Werder Bremen ,FC Augsburg ,1,0,1,0,5,20,"117,12 km","115,79 km",295,445,211,360,84,85,72%,81%,40%,60%,51%,49%,17,15,15,16,4,5,3,7
13-14,2,SC Freiburg ,1. FSV Mainz 05 ,1,2,0,0,9,13,"117,48 km","113,79 km",556,388,458,310,98,78,82%,80%,58%,42%,52%,48%,17,7,7,16,1,4,2,4
13-14,2,Hamburger SV ,TSG Hoffenheim ,1,5,1,1,8,18,"110,45 km","117,42 km",486,346,394,268,92,78,81%,77%,58%,42%,61%,39%,15,22,21,14,1,1,2,4
13-14,2,Eintracht Frankfurt ,Bayern München ,0,1,0,1,9,17,"114,49 km","114,95 km",285,725,209,661,76,64,73%,91%,30%,70%,52%,48%,9,17,17,9,7,1,6,5
13-14,2,Bor. Mönchengladbach ,Hannover 96 ,3,0,1,0,17,16,114 km,"113,14 km",646,418,559,335,87,83,87%,80%,60%,40%,57%,43%,10,19,18,10,2,3,1,3
13-14,2,1. FC Nürnberg ,Hertha BSC ,2,2,1,0,11,12,"108,06 km","106,97 km",354,363,295,292,59,71,83%,80%,50%,50%,58%,42%,16,17,17,15,0,7,4,5
13-14,2,Borussia Dortmund ,Eintracht Braunschweig ,2,1,0,0,24,8,"119,12 km","121,59 km",742,292,638,203,104,89,86%,70%,71%,29%,57%,43%,8,12,12,8,2,1,4,3
13-14,3,Borussia Dortmund ,Werder Bremen ,1,0,0,0,32,7,"115,35 km","112,93 km",540,354,433,248,107,106,80%,70%,60%,40%,45%,55%,14,13,12,14,4,2,7,2
13-14,3,Bayern München ,1. FC Nürnberg ,2,0,0,0,26,5,"116,21 km","116,9 km",752,161,680,87,72,74,90%,54%,80%,20%,48%,52%,13,9,9,13,2,3,10,1
13-14,3,Bayer 04 Leverkusen ,Bor. Mönchengladbach ,4,2,2,0,19,10,"117,89 km","116,07 km",448,662,384,589,64,73,86%,89%,41%,59%,53%,47%,10,14,13,10,2,1,7,3
13-14,3,Hannover 96 ,FC Schalke 04 ,2,1,2,0,14,9,"104,85 km","103,02 km",400,290,321,218,79,72,80%,75%,58%,42%,56%,44%,19,23,23,18,2,4,7,1
13-14,3,TSG Hoffenheim ,SC Freiburg ,3,3,2,2,15,12,"106,97 km","112,12 km",361,422,285,340,76,82,79%,81%,47%,53%,55%,45%,15,23,22,14,5,3,2,4
13-14,3,1. FSV Mainz 05 ,VfL Wolfsburg ,2,0,0,0,12,16,"118,67 km","111,96 km",393,517,336,448,57,69,85%,87%,43%,57%,49%,51%,16,15,14,16,2,3,2,5
13-14,3,Hertha BSC ,Hamburger SV ,1,0,0,0,16,15,"117,48 km","116,34 km",356,368,269,278,87,90,76%,76%,48%,52%,51%,49%,16,18,18,14,2,0,6,9
13-14,3,Eintracht Braunschweig ,Eintracht Frankfurt ,0,2,0,0,9,20,"114,12 km","108,54 km",322,515,215,390,107,125,67%,76%,39%,61%,47%,53%,12,18,14,11,3,2,2,8
13-14,3,FC Augsburg ,VfB Stuttgart ,2,1,2,1,17,9,"114,41 km","107,88 km",287,388,210,292,77,96,73%,75%,44%,56%,51%,49%,19,18,18,19,1,0,8,7
13-14,4,SC Freiburg ,Bayern München ,1,1,0,1,8,17,"127,5 km","118,1 km",272,784,187,689,85,95,69%,88%,27%,73%,48%,52%,17,10,10,16,2,1,3,6
13-14,4,Bor. Mönchengladbach ,Werder Bremen ,4,1,1,0,20,10,"117,41 km","117,52 km",619,449,546,388,73,61,88%,86%,57%,43%,59%,41%,13,13,12,13,2,1,1,5
13-14,4,Hannover 96 ,1. FSV Mainz 05 ,4,1,2,1,16,13,"112,74 km","112,77 km",370,487,291,415,79,72,79%,85%,44%,56%,43%,57%,19,10,9,19,0,2,5,3
13-14,4,VfL Wolfsburg ,Hertha BSC ,2,0,2,0,18,8,"119,32 km","116,14 km",591,318,509,236,82,82,86%,74%,64%,36%,49%,51%,16,15,13,16,3,1,2,2
13-14,4,1. FC Nürnberg ,FC Augsburg ,0,1,0,0,7,25,"113,01 km","117,93 km",397,342,303,260,94,82,76%,76%,52%,48%,59%,41%,10,17,16,10,1,2,2,12
13-14,4,Hamburger SV ,Eintracht Braunschweig ,4,0,2,0,28,16,0 km,0 km,337,286,261,194,76,92,77%,68%,54%,46%,54%,46%,19,22,22,17,0,4,7,2
13-14,4,FC Schalke 04 ,Bayer 04 Leverkusen ,2,0,1,0,12,11,"115,64 km","115,45 km",454,465,363,375,91,90,80%,81%,49%,51%,49%,51%,14,17,14,11,4,1,2,6
13-14,4,VfB Stuttgart ,TSG Hoffenheim ,6,2,3,1,13,12,"117,9 km","113,98 km",397,455,281,346,116,109,71%,76%,46%,54%,46%,54%,20,20,19,20,1,1,3,5
13-14,4,Eintracht Frankfurt ,Borussia Dortmund ,1,2,1,1,17,16,"115,57 km","121,28 km",400,416,279,319,121,97,70%,77%,50%,50%,56%,44%,6,19,16,5,2,3,8,6
13-14,5,Hertha BSC ,VfB Stuttgart ,0,1,0,0,19,8,"120,68 km","124,9 km",550,363,463,283,87,80,84%,78%,59%,41%,61%,39%,13,13,13,12,1,3,7,4
13-14,5,Bayern München ,Hannover 96 ,2,0,0,0,19,12,"117,7 km","118,46 km",640,306,554,231,86,75,87%,75%,67%,33%,50%,50%,14,13,12,14,0,1,13,4
13-14,5,Bayer 04 Leverkusen ,VfL Wolfsburg ,3,1,1,1,14,14,"113,89 km","114,66 km",341,413,265,354,76,59,78%,86%,46%,54%,48%,52%,18,12,12,18,3,2,4,3
13-14,5,Werder Bremen ,Eintracht Frankfurt ,0,3,0,2,12,14,"109,63 km","110,73 km",288,616,202,527,86,89,70%,86%,33%,67%,41%,59%,14,13,12,14,0,4,5,10
13-14,5,1. FSV Mainz 05 ,FC Schalke 04 ,0,1,0,1,14,10,"117,73 km","114,79 km",556,464,504,387,52,77,91%,83%,54%,46%,52%,48%,15,17,17,13,1,3,1,5
13-14,5,FC Augsburg ,SC Freiburg ,2,1,0,0,15,5,"116,03 km","117,62 km",469,373,370,277,99,96,79%,74%,56%,44%,57%,43%,16,21,20,14,1,1,10,3
13-14,5,Borussia Dortmund ,Hamburger SV ,6,2,2,1,33,4,"115,63 km","110,55 km",495,380,385,261,110,119,78%,69%,56%,44%,60%,40%,12,20,19,11,7,0,7,2
13-14,5,TSG Hoffenheim ,Bor. Mönchengladbach ,2,1,1,0,10,16,"126,59 km","120,04 km",313,803,218,714,95,89,70%,89%,30%,70%,42%,58%,16,7,7,15,4,4,2,3
13-14,5,Eintracht Braunschweig ,1. FC Nürnberg ,1,1,0,1,23,9,"113,84 km","112,62 km",355,299,239,213,116,86,67%,71%,55%,45%,55%,45%,17,18,18,17,6,2,6,3
13-14,6,Bor. Mönchengladbach ,Eintracht Braunschweig ,4,1,2,0,13,11,"116,65 km","118,39 km",629,407,551,338,78,69,88%,83%,60%,40%,55%,45%,11,13,13,10,3,6,0,1
13-14,6,Hannover 96 ,FC Augsburg ,2,1,0,0,16,13,"110,16 km","111,55 km",431,251,327,157,104,94,76%,63%,63%,37%,53%,47%,21,18,17,19,1,1,8,1
13-14,6,VfL Wolfsburg ,TSG Hoffenheim ,2,1,1,1,15,7,"116,48 km","116,59 km",470,299,373,212,97,87,79%,71%,61%,39%,60%,40%,15,20,20,15,3,3,6,6
13-14,6,1. FC Nürnberg ,Borussia Dortmund ,1,1,0,1,10,18,"120,12 km","119,85 km",450,501,380,404,70,97,84%,81%,48%,52%,46%,54%,7,12,12,7,2,3,3,9
13-14,6,1. FSV Mainz 05 ,Bayer 04 Leverkusen ,1,4,0,3,14,14,"113,88 km","116,07 km",435,415,371,334,64,81,85%,80%,52%,48%,42%,58%,14,11,10,13,1,1,4,4
13-14,6,Hamburger SV ,Werder Bremen ,0,2,0,1,19,16,"114,45 km","117,03 km",450,280,331,188,119,92,74%,67%,61%,39%,56%,44%,15,18,18,14,5,0,4,6
13-14,6,FC Schalke 04 ,Bayern München ,0,4,0,2,10,14,"109,89 km","116,39 km",319,747,246,652,73,95,77%,87%,31%,69%,45%,55%,7,6,6,7,3,0,5,5
13-14,6,SC Freiburg ,Hertha BSC ,1,1,1,1,8,8,"119,15 km","111,94 km",467,442,378,369,89,73,81%,83%,52%,48%,40%,60%,22,12,12,22,0,0,9,2
13-14,6,VfB Stuttgart ,Eintracht Frankfurt ,1,1,1,1,13,16,"120,62 km","116,98 km",400,443,310,367,90,76,78%,83%,48%,52%,50%,50%,11,13,13,11,5,1,4,7
13-14,7,FC Augsburg ,Bor. Mönchengladbach ,2,2,1,1,20,9,"117,41 km","114,67 km",469,446,384,365,85,81,82%,82%,51%,49%,45%,55%,9,13,13,8,0,0,3,3
13-14,7,Borussia Dortmund ,SC Freiburg ,5,0,2,0,28,2,"117,25 km","112,97 km",614,397,515,299,99,98,84%,75%,60%,40%,52%,48%,13,11,10,12,3,0,9,0
13-14,7,Bayern München ,VfL Wolfsburg ,1,0,0,0,11,4,"115,6 km","119,74 km",591,243,519,171,72,72,88%,70%,70%,30%,48%,52%,12,24,23,12,3,3,8,2
13-14,7,Bayer 04 Leverkusen ,Hannover 96 ,2,0,2,0,19,8,"115,25 km","112,89 km",410,429,334,352,76,77,81%,82%,48%,52%,52%,48%,12,17,17,12,1,2,4,9
13-14,7,TSG Hoffenheim ,FC Schalke 04 ,3,3,1,3,14,12,"111,65 km","109,28 km",382,425,288,332,94,93,75%,78%,47%,53%,52%,48%,21,24,22,21,3,3,2,7
13-14,7,Hertha BSC ,1. FSV Mainz 05 ,3,1,0,1,9,8,"119,92 km","118,37 km",511,295,427,201,84,94,84%,68%,63%,37%,49%,51%,27,20,20,25,4,3,5,5
13-14,7,Eintracht Frankfurt ,Hamburger SV ,2,2,1,1,9,11,"115,44 km","119,74 km",466,360,380,287,86,73,82%,80%,56%,44%,47%,53%,21,16,16,21,4,2,9,6
13-14,7,Werder Bremen ,1. FC Nürnberg ,3,3,2,1,15,17,"118,17 km","119,25 km",418,390,307,286,111,104,73%,73%,51%,49%,47%,53%,16,9,8,16,2,2,4,4
13-14,7,Eintracht Braunschweig ,VfB Stuttgart ,0,4,0,1,10,14,"115,2 km","117,96 km",439,476,325,372,114,104,74%,78%,48%,52%,51%,49%,11,19,19,10,5,1,8,3
13-14,8,Hannover 96 ,Hertha BSC ,1,1,1,0,14,10,"113,86 km","116,4 km",374,347,287,268,87,79,77%,77%,51%,49%,52%,48%,18,21,20,17,0,2,7,9
13-14,8,FC Schalke 04 ,FC Augsburg ,4,1,2,1,12,10,"112,97 km","106,66 km",717,295,648,220,69,75,90%,75%,70%,30%,52%,48%,9,10,10,9,2,3,2,3
13-14,8,Bor. Mönchengladbach ,Borussia Dortmund ,2,0,0,0,6,27,"117,03 km","118,05 km",429,586,338,502,91,84,79%,86%,43%,57%,57%,43%,8,9,8,8,0,1,1,9
13-14,8,VfB Stuttgart ,Werder Bremen ,1,1,1,1,20,6,0 km,0 km,580,257,497,164,83,93,86%,64%,69%,31%,58%,42%,11,11,10,9,3,0,13,1
13-14,8,VfL Wolfsburg ,Eintracht Braunschweig ,0,2,0,1,17,7,"117,28 km","122,7 km",495,243,414,159,81,84,84%,65%,67%,33%,57%,43%,18,26,24,17,5,2,7,2
13-14,8,1. FSV Mainz 05 ,TSG Hoffenheim ,2,2,0,2,18,14,"122,99 km","120,67 km",441,374,325,258,116,116,74%,69%,54%,46%,50%,50%,23,16,16,22,9,4,7,1
13-14,8,Bayer 04 Leverkusen ,Bayern München ,1,1,1,1,5,27,"114,89 km","111,38 km",191,709,122,641,69,68,64%,90%,22%,78%,46%,54%,15,8,7,15,2,1,2,14
13-14,8,1. FC Nürnberg ,Hamburger SV ,0,5,0,1,7,16,"115,34 km","117,29 km",486,472,412,403,74,69,85%,85%,51%,49%,55%,45%,16,15,14,15,1,1,5,4
13-14,8,SC Freiburg ,Eintracht Frankfurt ,1,1,0,0,13,11,"121,38 km","112,24 km",440,396,366,305,74,91,83%,77%,53%,47%,56%,44%,12,20,20,11,1,3,7,10
13-14,9,TSG Hoffenheim ,Bayer 04 Leverkusen ,1,2,0,1,20,12,"121,41 km","119,66 km",497,439,421,355,76,84,85%,81%,52%,48%,54%,46%,13,19,18,13,2,2,8,10
13-14,9,Borussia Dortmund ,Hannover 96 ,1,0,1,0,18,10,"123,4 km","121,32 km",432,399,323,313,109,86,75%,78%,52%,48%,55%,45%,11,15,15,11,2,1,10,2
13-14,9,Bayern München ,1. FSV Mainz 05 ,4,1,0,1,19,12,"115,29 km","116,46 km",832,225,727,148,105,77,87%,66%,78%,22%,56%,44%,12,14,14,11,2,7,8,5
13-14,9,Werder Bremen ,SC Freiburg ,0,0,0,0,18,11,"119,37 km","122,26 km",403,416,303,329,100,87,75%,79%,49%,51%,46%,54%,22,12,11,21,1,5,7,8
13-14,9,Eintracht Braunschweig ,FC Schalke 04 ,2,3,1,1,14,15,"121,3 km","119,79 km",292,630,212,542,80,88,73%,86%,32%,68%,51%,49%,13,21,18,13,4,2,1,9
13-14,9,Eintracht Frankfurt ,1. FC Nürnberg ,1,1,0,0,15,11,"116,6 km","121,17 km",529,332,438,261,91,71,83%,79%,61%,39%,47%,53%,22,14,12,21,1,3,6,1
13-14,9,Hertha BSC ,Bor. Mönchengladbach ,1,0,1,0,5,13,"120,7 km","117,73 km",422,558,323,467,99,91,77%,84%,44%,56%,52%,48%,15,14,13,13,3,3,7,5
13-14,9,Hamburger SV ,VfB Stuttgart ,3,3,1,2,22,9,"115,67 km","116,62 km",521,467,448,390,73,77,86%,84%,53%,47%,56%,44%,17,12,11,16,4,2,10,0
13-14,9,FC Augsburg ,VfL Wolfsburg ,1,2,1,2,11,12,"120,65 km","122,49 km",404,369,297,281,107,88,74%,76%,53%,47%,40%,60%,21,18,17,21,4,1,3,2
13-14,10,VfB Stuttgart ,1. FC Nürnberg ,1,1,1,1,10,7,"118,52 km","121,55 km",500,306,400,227,100,79,80%,74%,61%,39%,53%,47%,11,15,15,11,4,3,2,4
13-14,10,Bayern München ,Hertha BSC ,3,2,1,1,13,10,"117,04 km","120,48 km",647,313,549,231,98,82,85%,74%,67%,33%,47%,53%,10,13,13,10,3,2,4,5
13-14,10,FC Schalke 04 ,Borussia Dortmund ,1,3,0,1,12,10,"109,73 km","114,86 km",542,411,422,311,120,100,78%,76%,57%,43%,52%,48%,11,12,12,10,2,2,2,2
13-14,10,Bayer 04 Leverkusen ,FC Augsburg ,2,1,1,1,24,11,"114,97 km",118 km,444,310,358,220,86,90,81%,71%,58%,42%,61%,39%,7,9,9,7,3,0,13,7
13-14,10,Hannover 96 ,TSG Hoffenheim ,1,4,0,2,11,10,"102,04 km","112,75 km",271,617,186,541,85,76,69%,88%,32%,68%,41%,59%,21,11,10,20,2,7,8,1
13-14,10,1. FSV Mainz 05 ,Eintracht Braunschweig ,2,0,1,0,9,6,"116,08 km","117,89 km",359,487,277,395,82,92,77%,81%,41%,59%,51%,49%,25,17,17,25,4,2,0,8
13-14,10,VfL Wolfsburg ,Werder Bremen ,3,0,1,0,19,8,"115,3 km","118,23 km",423,373,341,270,82,103,81%,72%,53%,47%,55%,45%,12,17,15,12,6,3,5,4
13-14,10,SC Freiburg ,Hamburger SV ,0,3,0,1,9,17,"115,58 km","114,5 km",455,348,357,259,98,89,78%,74%,57%,43%,51%,49%,14,12,12,14,2,1,4,4
13-14,10,Bor. Mönchengladbach ,Eintracht Frankfurt ,4,1,2,1,13,11,"116,22 km","113,55 km",709,429,624,357,85,72,88%,83%,61%,39%,40%,60%,9,13,12,9,3,4,1,3
13-14,11,Borussia Dortmund ,VfB Stuttgart ,6,1,2,1,17,3,"120,16 km","117,97 km",535,478,428,370,107,108,80%,77%,53%,47%,45%,55%,15,4,4,15,3,1,6,1
13-14,11,1. FC Nürnberg ,SC Freiburg ,0,3,0,0,21,14,"119,85 km","124,26 km",482,336,401,248,81,88,83%,74%,60%,40%,52%,48%,10,15,15,10,4,1,9,5
13-14,11,TSG Hoffenheim ,Bayern München ,1,2,1,1,7,17,"119,65 km","116,59 km",347,656,264,589,83,67,76%,90%,37%,63%,45%,55%,20,16,16,20,3,2,6,4
13-14,11,Hamburger SV ,Bor. Mönchengladbach ,0,2,0,1,17,8,"119,96 km","120,15 km",547,526,459,441,88,85,84%,84%,52%,48%,52%,48%,12,12,12,11,0,2,7,2
13-14,11,Eintracht Braunschweig ,Bayer 04 Leverkusen ,1,0,0,0,17,17,"118,39 km","113,47 km",327,453,255,371,72,82,78%,82%,43%,57%,49%,51%,12,21,20,11,5,4,4,4
13-14,11,Hertha BSC ,FC Schalke 04 ,0,2,0,1,18,11,"120,35 km","120,7 km",521,370,427,265,94,105,82%,72%,58%,42%,47%,53%,21,18,17,21,1,4,6,4
13-14,11,Eintracht Frankfurt ,VfL Wolfsburg ,1,2,1,1,10,10,"114,13 km","117,44 km",442,393,338,297,104,96,76%,76%,54%,46%,42%,58%,14,16,15,13,4,1,8,1
13-14,11,FC Augsburg ,1. FSV Mainz 05 ,2,1,1,0,19,11,"125,42 km","121,07 km",511,330,424,254,87,76,83%,77%,61%,39%,48%,52%,13,21,19,13,1,2,6,3
13-14,11,Werder Bremen ,Hannover 96 ,3,2,2,2,12,18,"115,12 km","115,85 km",356,300,251,183,105,117,71%,61%,54%,46%,50%,50%,19,24,24,17,10,3,3,6
13-14,12,Hannover 96 ,Eintracht Braunschweig ,0,0,0,0,19,7,"111,28 km","115,98 km",421,319,318,210,103,109,76%,66%,57%,43%,46%,54%,27,16,15,27,0,1,6,2
13-14,12,Bayern München ,FC Augsburg ,3,0,2,0,23,7,"119,19 km","123,8 km",737,263,675,207,62,56,92%,79%,72%,28%,56%,44%,12,11,10,12,0,4,9,4
13-14,12,FC Schalke 04 ,Werder Bremen ,3,1,0,1,18,9,"118,02 km","121,67 km",545,321,426,221,119,100,78%,69%,62%,38%,52%,48%,16,20,20,15,2,1,6,2
13-14,12,Bayer 04 Leverkusen ,Hamburger SV ,5,3,2,1,20,11,"116,02 km","116,79 km",387,435,299,327,88,108,77%,75%,46%,54%,53%,47%,12,19,18,11,1,0,3,6
13-14,12,VfL Wolfsburg ,Borussia Dortmund ,2,1,0,1,10,12,"114,63 km","116,52 km",346,469,239,349,107,120,69%,74%,43%,57%,55%,45%,14,19,18,14,2,3,5,2
13-14,12,TSG Hoffenheim ,Hertha BSC ,2,3,0,1,9,12,"119,36 km","118,85 km",499,349,383,244,116,105,77%,70%,59%,41%,49%,51%,22,20,20,22,3,3,3,3
13-14,12,Bor. Mönchengladbach ,1. FC Nürnberg ,3,1,0,1,12,19,"120,84 km","127,3 km",547,331,471,250,76,81,86%,76%,61%,39%,46%,54%,8,18,17,7,1,2,6,3
13-14,12,1. FSV Mainz 05 ,Eintracht Frankfurt ,1,0,0,0,20,14,"121,99 km","117,5 km",305,533,236,438,69,95,77%,82%,37%,63%,53%,47%,21,18,18,20,4,2,6,6
13-14,12,SC Freiburg ,VfB Stuttgart ,1,3,0,2,19,10,"128,05 km","123,74 km",510,458,424,378,86,80,83%,83%,52%,48%,51%,49%,7,13,12,7,1,7,7,2
13-14,13,VfB Stuttgart ,Bor. Mönchengladbach ,0,2,0,1,8,19,"120,42 km","120,02 km",532,559,423,453,109,106,80%,81%,49%,51%,42%,58%,14,10,10,13,1,2,1,5
13-14,13,1. FC Nürnberg ,VfL Wolfsburg ,1,1,0,1,11,23,"121,44 km","118,77 km",364,424,262,314,102,110,72%,74%,46%,54%,51%,49%,20,17,16,20,2,0,3,5
13-14,13,FC Augsburg ,TSG Hoffenheim ,2,0,2,0,16,8,"119,71 km","118,08 km",466,383,339,282,127,101,73%,74%,54%,46%,58%,42%,14,25,24,14,3,0,5,4
13-14,13,Eintracht Braunschweig ,SC Freiburg ,0,1,0,0,22,8,"119,48 km","122,51 km",521,468,431,364,90,104,83%,78%,53%,47%,48%,52%,14,17,15,14,4,1,6,1
13-14,13,Eintracht Frankfurt ,FC Schalke 04 ,3,3,0,2,15,13,"117,06 km","112,27 km",393,457,300,372,93,85,76%,81%,47%,53%,48%,52%,22,20,19,21,2,3,5,1
13-14,13,Hertha BSC ,Bayer 04 Leverkusen ,0,1,0,1,12,4,"121,86 km","119,04 km",523,309,429,218,94,91,82%,71%,63%,37%,46%,54%,15,15,14,15,1,4,9,1
13-14,13,Borussia Dortmund ,Bayern München ,0,3,0,0,7,10,"119,85 km","117,28 km",335,591,241,497,94,94,72%,84%,37%,63%,54%,46%,7,13,12,7,1,5,2,3
13-14,13,Hamburger SV ,Hannover 96 ,3,1,1,1,19,12,"114,6 km","115,02 km",399,342,292,257,107,85,73%,75%,52%,48%,55%,45%,19,24,22,19,1,4,7,3
13-14,13,Werder Bremen ,1. FSV Mainz 05 ,2,3,0,2,24,18,"117,58 km","120,41 km",455,257,348,174,107,83,76%,68%,64%,36%,54%,46%,18,22,21,18,0,4,8,8
13-14,14,VfL Wolfsburg ,Hamburger SV ,1,1,1,1,20,18,"118,06 km","115,54 km",474,316,363,230,111,86,77%,73%,59%,41%,55%,45%,16,12,10,15,0,2,2,3
13-14,14,Bayern München ,Eintracht Braunschweig ,2,0,2,0,19,8,"113,88 km","115,99 km",898,246,811,172,87,74,90%,70%,78%,22%,62%,38%,9,17,16,9,2,0,6,3
13-14,14,Bayer 04 Leverkusen ,1. FC Nürnberg ,3,0,1,0,17,16,"117,05 km","119,54 km",409,391,323,298,86,93,79%,76%,51%,49%,52%,48%,18,14,11,18,1,0,4,5
13-14,14,TSG Hoffenheim ,Werder Bremen ,4,4,2,2,18,13,"121,39 km","119,24 km",436,336,326,207,110,129,75%,62%,56%,44%,45%,55%,28,20,20,24,7,6,3,9
13-14,14,1. FSV Mainz 05 ,Borussia Dortmund ,1,3,0,0,12,16,"121,74 km","123,15 km",406,511,308,406,98,105,76%,79%,45%,55%,51%,49%,11,15,15,10,4,3,6,5
13-14,14,Hertha BSC ,FC Augsburg ,0,0,0,0,9,2,"119,16 km","119,77 km",545,347,446,241,99,106,82%,69%,61%,39%,53%,47%,16,22,21,15,3,3,6,3
13-14,14,FC Schalke 04 ,VfB Stuttgart ,3,0,1,0,12,10,"117,85 km","115,35 km",369,479,263,382,106,97,71%,80%,43%,57%,48%,52%,15,17,16,15,6,3,5,2
13-14,14,Hannover 96 ,Eintracht Frankfurt ,2,0,1,0,13,12,"115,48 km","110,66 km",419,355,330,259,89,96,79%,73%,54%,46%,55%,45%,20,18,18,20,6,1,7,7
13-14,14,Bor. Mönchengladbach ,SC Freiburg ,1,0,0,0,12,9,"117,77 km","123,96 km",700,414,600,324,100,90,86%,78%,62%,38%,56%,44%,8,13,12,6,7,3,6,4
13-14,15,1. FC Nürnberg ,1. FSV Mainz 05 ,1,1,1,0,16,12,"120,97 km","119,55 km",504,329,394,232,110,97,78%,71%,61%,39%,55%,45%,6,11,9,6,5,4,14,3
13-14,15,Bor. Mönchengladbach ,FC Schalke 04 ,2,1,2,1,19,9,"116,35 km","114,6 km",573,475,501,393,72,82,87%,83%,55%,45%,47%,53%,11,17,15,11,2,2,8,1
13-14,15,VfB Stuttgart ,Hannover 96 ,4,2,2,2,13,14,"120,26 km","111,28 km",388,427,256,299,132,128,66%,70%,48%,52%,50%,50%,15,20,17,14,4,2,3,3
13-14,15,Werder Bremen ,Bayern München ,0,7,0,3,9,17,"115,99 km","112,28 km",247,712,162,640,85,72,66%,90%,26%,74%,56%,44%,13,15,15,12,3,2,2,7
13-14,15,Hamburger SV ,FC Augsburg ,0,1,0,1,8,18,"114,03 km","121,3 km",435,396,335,296,100,100,77%,75%,53%,47%,47%,53%,17,17,17,14,0,1,7,11
13-14,15,Eintracht Frankfurt ,TSG Hoffenheim ,1,2,0,0,13,11,"114,74 km","117,45 km",528,366,407,252,121,114,77%,69%,59%,41%,50%,50%,21,27,26,21,2,3,4,4
13-14,15,Borussia Dortmund ,Bayer 04 Leverkusen ,0,1,0,1,13,8,"117,96 km","115,28 km",438,354,339,254,99,100,77%,72%,55%,45%,49%,51%,18,25,23,17,2,2,3,4
13-14,15,SC Freiburg ,VfL Wolfsburg ,0,3,0,2,13,17,"122,22 km","120,87 km",519,320,396,210,123,110,76%,66%,61%,39%,43%,57%,10,16,16,10,3,3,4,7
13-14,15,Eintracht Braunschweig ,Hertha BSC ,0,2,0,1,13,16,"112,28 km","112,38 km",411,346,286,234,125,112,70%,68%,54%,46%,57%,43%,18,24,22,17,3,1,8,2
13-14,16,Hertha BSC ,Werder Bremen ,3,2,2,2,12,8,"118,38 km","115,59 km",408,320,295,207,113,113,72%,65%,56%,44%,50%,50%,14,21,20,13,1,1,6,4
13-14,16,Bayern München ,Hamburger SV ,3,1,1,0,22,13,"117,79 km","118,52 km",788,249,706,185,82,64,90%,74%,75%,25%,52%,48%,13,15,11,11,2,4,5,2
13-14,16,Hannover 96 ,1. FC Nürnberg ,3,3,0,3,21,17,"115,5 km","120,82 km",427,394,307,287,120,107,72%,73%,52%,48%,53%,47%,13,20,20,13,0,5,5,7
13-14,16,TSG Hoffenheim ,Borussia Dortmund ,2,2,2,1,14,16,"119,14 km","120,9 km",369,496,255,353,114,143,69%,71%,43%,57%,53%,47%,19,13,13,19,2,6,2,4
13-14,16,1. FSV Mainz 05 ,Bor. Mönchengladbach ,0,0,0,0,6,10,"124,51 km","117,13 km",407,823,319,730,88,93,78%,89%,34%,66%,44%,56%,7,8,8,7,4,1,1,4
13-14,16,FC Augsburg ,Eintracht Braunschweig ,4,1,3,0,21,9,"120,01 km","117,41 km",524,416,441,341,83,75,84%,82%,56%,44%,54%,46%,17,15,15,17,0,0,5,0
13-14,16,VfL Wolfsburg ,VfB Stuttgart ,3,1,1,0,13,9,"115,58 km","114,3 km",422,413,317,309,105,104,75%,75%,50%,50%,53%,47%,18,20,19,16,1,3,2,4
13-14,16,FC Schalke 04 ,SC Freiburg ,2,0,1,0,14,8,"119,19 km","121,68 km",477,362,363,254,114,108,76%,70%,57%,43%,56%,44%,17,19,19,16,0,3,8,4
13-14,16,Bayer 04 Leverkusen ,Eintracht Frankfurt ,0,1,0,0,15,16,"115,36 km","115,99 km",509,343,421,268,88,75,83%,78%,60%,40%,55%,45%,15,23,21,13,4,0,8,4
13-14,17,Eintracht Frankfurt ,FC Augsburg ,1,1,1,1,5,9,"115,42 km","118,39 km",528,337,436,247,92,90,83%,73%,61%,39%,46%,54%,18,14,12,17,2,5,4,3
13-14,17,Borussia Dortmund ,Hertha BSC ,1,2,1,2,20,6,"126,34 km","123,65 km",664,302,527,208,137,94,79%,69%,67%,33%,51%,49%,20,19,19,18,1,1,5,0
13-14,17,Werder Bremen ,Bayer 04 Leverkusen ,1,0,0,0,11,21,"116,94 km","112,41 km",249,466,176,382,73,84,71%,82%,35%,65%,48%,52%,14,10,8,13,0,2,5,9
13-14,17,SC Freiburg ,Hannover 96 ,2,1,2,0,11,20,"121,62 km","116,13 km",395,480,274,360,121,120,69%,75%,45%,55%,47%,53%,16,13,13,16,3,2,0,1
13-14,17,Hamburger SV ,1. FSV Mainz 05 ,2,3,1,0,18,14,"114,3 km","118,13 km",331,513,244,433,87,80,74%,84%,41%,59%,49%,51%,20,13,13,19,0,3,5,3
13-14,17,Eintracht Braunschweig ,TSG Hoffenheim ,1,0,1,0,14,16,"115,97 km","114,11 km",274,473,171,337,103,136,62%,71%,38%,62%,51%,49%,17,19,19,17,4,2,7,8
13-14,17,1. FC Nürnberg ,FC Schalke 04 ,0,0,0,0,15,8,"119,96 km","118,02 km",552,363,458,262,94,101,83%,72%,60%,40%,48%,52%,14,19,16,12,3,2,9,4
13-14,17,Bor. Mönchengladbach ,VfL Wolfsburg ,2,2,0,0,14,18,"114,6 km","120,98 km",491,458,403,383,88,75,82%,84%,52%,48%,56%,44%,10,12,11,10,4,1,4,4
13-14,17,VfB Stuttgart ,Bayern München ,1,2,1,0,11,24,"121,27 km","119,02 km",245,714,145,622,100,92,59%,87%,27%,73%,48%,52%,13,10,10,11,1,1,2,8
13-14,18,Bor. Mönchengladbach ,Bayern München ,0,2,0,1,10,24,"123,16 km","121,6 km",406,739,321,652,85,87,79%,88%,36%,64%,46%,54%,12,9,7,11,3,5,5,5
13-14,18,Borussia Dortmund ,FC Augsburg ,2,2,1,0,18,6,"124,63 km","123,32 km",476,453,377,344,99,109,79%,76%,51%,49%,53%,47%,17,25,23,17,1,1,5,1
13-14,18,VfB Stuttgart ,1. FSV Mainz 05 ,1,2,1,1,14,10,"118,35 km","121,39 km",440,452,331,365,109,87,75%,81%,50%,50%,47%,53%,17,13,12,17,0,4,5,3
13-14,18,VfL Wolfsburg ,Hannover 96 ,1,3,1,1,25,10,"115,7 km","117,52 km",593,290,506,189,87,101,85%,65%,67%,33%,54%,46%,14,17,14,14,4,0,7,3
13-14,18,1. FC Nürnberg ,TSG Hoffenheim ,4,0,2,0,16,12,"119,77 km","116,4 km",362,404,252,287,110,117,70%,71%,48%,52%,55%,45%,19,25,24,18,2,4,3,3
13-14,18,SC Freiburg ,Bayer 04 Leverkusen ,3,2,1,2,13,15,"125,96 km","119,02 km",386,512,303,413,83,99,78%,81%,43%,57%,45%,55%,14,10,10,14,5,2,4,8
13-14,18,Eintracht Frankfurt ,Hertha BSC ,1,0,1,0,5,7,"118,4 km","117,88 km",390,524,272,413,118,111,70%,79%,43%,57%,52%,48%,20,23,22,20,2,2,1,2
13-14,18,Werder Bremen ,Eintracht Braunschweig ,0,0,0,0,12,7,"115,49 km","118,64 km",407,417,302,299,105,118,74%,72%,49%,51%,51%,49%,20,17,17,19,6,1,6,3
13-14,18,Hamburger SV ,FC Schalke 04 ,0,3,0,1,12,12,"112,04 km","118,01 km",514,456,419,358,95,98,82%,79%,53%,47%,52%,48%,9,22,21,9,4,4,3,3
13-14,18,VfB Stuttgart ,Bayern München ,1,2,1,0,11,24,"121,27 km","119,02 km",245,714,145,622,100,92,59%,87%,27%,73%,48%,52%,13,10,10,11,1,1,2,8
13-14,19,Eintracht Braunschweig ,Borussia Dortmund ,1,2,0,1,16,20,"123,82 km","122,8 km",347,443,214,321,133,122,62%,72%,45%,55%,51%,49%,18,17,15,17,1,1,7,8
13-14,19,FC Schalke 04 ,VfL Wolfsburg ,2,1,1,0,13,11,"118,83 km","116,33 km",427,450,332,351,95,99,78%,78%,49%,51%,53%,47%,16,14,13,15,3,1,4,6
13-14,19,Bayer 04 Leverkusen ,VfB Stuttgart ,2,1,1,1,11,11,"117,31 km","117,59 km",491,301,410,197,81,104,84%,65%,62%,38%,54%,46%,17,16,16,17,5,1,4,8
13-14,19,TSG Hoffenheim ,Hamburger SV ,3,0,2,0,14,8,"122,66 km","114,08 km",305,653,227,554,78,99,74%,85%,33%,67%,48%,52%,26,14,13,26,8,2,7,5
13-14,19,1. FSV Mainz 05 ,SC Freiburg ,2,0,1,0,13,6,"119,51 km","121,72 km",478,440,382,330,96,110,80%,75%,52%,48%,58%,42%,11,28,25,10,2,0,5,5
13-14,19,FC Augsburg ,Werder Bremen ,3,1,1,1,20,4,"119,53 km","114,87 km",653,240,548,141,105,99,84%,59%,72%,28%,59%,41%,11,20,20,10,2,2,6,4
13-14,19,Hannover 96 ,Bor. Mönchengladbach ,3,1,0,0,16,11,"125,94 km","119,66 km",350,678,281,610,69,68,80%,90%,35%,65%,48%,52%,9,14,14,9,2,1,7,7
13-14,19,Hertha BSC ,1. FC Nürnberg ,1,3,1,1,13,11,"114,39 km","116,23 km",317,419,230,318,87,101,73%,76%,43%,57%,47%,53%,17,25,24,17,1,2,3,3
13-14,19,Bayern München ,Eintracht Frankfurt ,5,0,2,0,24,9,"114,88 km","115,27 km",770,285,704,216,66,69,91%,76%,72%,28%,50%,50%,16,12,12,16,0,6,12,2
13-14,20,Bor. Mönchengladbach ,Bayer 04 Leverkusen ,0,1,0,0,14,12,"122,32 km","121,32 km",519,530,430,440,89,90,83%,83%,50%,50%,51%,49%,11,15,15,11,0,2,4,3
13-14,20,VfL Wolfsburg ,1. FSV Mainz 05 ,3,0,0,0,17,8,"120,19 km","121,03 km",609,336,535,252,74,84,88%,75%,64%,36%,47%,53%,22,14,14,21,0,7,4,1
13-14,20,Werder Bremen ,Borussia Dortmund ,1,5,0,2,12,15,"115,64 km","118,48 km",432,537,314,418,118,119,73%,78%,45%,55%,56%,44%,17,12,12,17,4,1,5,9
13-14,20,1. FC Nürnberg ,Bayern München ,0,2,0,1,9,19,"116,33 km","113,01 km",279,522,198,420,81,102,71%,80%,36%,64%,48%,52%,26,21,20,26,6,1,3,5
13-14,20,SC Freiburg ,TSG Hoffenheim ,1,1,0,0,11,18,"121,77 km","120,87 km",416,464,299,354,117,110,72%,76%,47%,53%,46%,54%,20,15,14,20,4,2,3,2
13-14,20,Eintracht Frankfurt ,Eintracht Braunschweig ,3,0,3,0,19,10,"115,73 km","121,32 km",428,337,347,262,81,75,81%,78%,57%,43%,53%,47%,14,23,21,14,2,2,10,2
13-14,20,Hamburger SV ,Hertha BSC ,0,3,0,3,14,10,"109,84 km","116,87 km",540,309,435,213,105,96,81%,69%,63%,37%,45%,55%,17,12,12,16,1,3,8,3
13-14,20,VfB Stuttgart ,FC Augsburg ,1,4,0,2,16,10,"110,19 km","115,87 km",512,526,438,436,74,90,86%,83%,49%,51%,41%,59%,9,8,8,9,2,7,5,2
13-14,20,FC Schalke 04 ,Hannover 96 ,2,0,2,0,16,6,"115,77 km","119,65 km",530,409,442,323,88,86,83%,79%,56%,44%,59%,41%,10,20,20,10,3,0,5,0
13-14,21,1. FSV Mainz 05 ,Hannover 96 ,2,0,0,0,19,14,"125,21 km","126,07 km",377,588,299,481,78,107,79%,82%,38%,62%,47%,53%,14,11,9,14,4,0,4,5
13-14,21,Borussia Dortmund ,Eintracht Frankfurt ,4,0,2,0,21,7,"118,36 km","111,8 km",482,483,399,391,83,92,83%,81%,49%,51%,56%,44%,17,18,18,17,3,1,6,5
13-14,21,Bayern München ,SC Freiburg ,4,0,3,0,16,12,"115,77 km","120,91 km",686,308,590,220,96,88,86%,71%,68%,32%,55%,45%,12,11,11,11,2,5,2,4
13-14,21,Werder Bremen ,Bor. Mönchengladbach ,1,1,0,1,15,17,"121,6 km","118,81 km",357,472,255,361,102,111,71%,76%,44%,56%,47%,53%,10,14,13,10,1,0,5,10
13-14,21,TSG Hoffenheim ,VfB Stuttgart ,4,1,1,0,14,13,"115,36 km","110,07 km",393,392,268,261,125,131,68%,67%,50%,50%,52%,48%,23,19,19,21,6,3,5,4
13-14,21,Eintracht Braunschweig ,Hamburger SV ,4,2,0,1,13,18,"116,9 km","110,29 km",291,285,185,169,106,116,64%,59%,50%,50%,51%,49%,14,24,24,14,7,0,7,8
13-14,21,Bayer 04 Leverkusen ,FC Schalke 04 ,1,2,0,1,13,11,"114,93 km","116,23 km",528,387,435,305,93,82,82%,79%,58%,42%,49%,51%,12,16,14,12,3,1,11,2
13-14,21,FC Augsburg ,1. FC Nürnberg ,0,1,0,0,18,11,"119,24 km","121,26 km",377,491,290,397,87,94,77%,81%,44%,56%,49%,51%,17,19,17,16,4,1,6,2
13-14,21,Hertha BSC ,VfL Wolfsburg ,1,2,1,0,13,7,"117,47 km","118,25 km",336,500,239,411,97,89,71%,82%,40%,60%,45%,55%,12,15,15,11,3,1,4,6
13-14,22,FC Schalke 04 ,1. FSV Mainz 05 ,0,0,0,0,16,15,"115,04 km","118,74 km",448,454,344,355,104,99,77%,78%,50%,50%,46%,54%,19,8,7,19,1,0,3,9
13-14,22,Bor. Mönchengladbach ,TSG Hoffenheim ,2,2,2,0,13,19,"120,95 km","124,74 km",468,541,347,467,121,74,74%,86%,47%,53%,49%,51%,15,17,15,15,2,0,6,5
13-14,22,VfB Stuttgart ,Hertha BSC ,1,2,1,1,15,10,"112,66 km","111,99 km",358,350,241,246,117,104,67%,70%,51%,49%,46%,54%,22,19,19,20,1,1,5,8
13-14,22,1. FC Nürnberg ,Eintracht Braunschweig ,2,1,0,1,6,22,"110,39 km","116,2 km",373,330,287,263,86,67,77%,80%,53%,47%,54%,46%,19,21,20,18,1,3,3,10
13-14,22,SC Freiburg ,FC Augsburg ,2,4,1,1,14,18,"122,34 km","120,31 km",427,420,329,315,98,105,77%,75%,50%,50%,50%,50%,14,13,12,13,5,0,2,4
13-14,22,Hamburger SV ,Borussia Dortmund ,3,0,1,0,13,15,"114,55 km","116,22 km",320,607,207,475,113,132,65%,78%,35%,65%,49%,51%,17,19,18,17,2,5,3,6
13-14,22,VfL Wolfsburg ,Bayer 04 Leverkusen ,3,1,1,1,9,17,"120,72 km","116,59 km",387,509,294,395,93,114,76%,78%,43%,57%,51%,49%,15,19,19,15,4,3,0,4
13-14,22,Eintracht Frankfurt ,Werder Bremen ,0,0,0,0,21,3,"111,82 km","111,23 km",647,208,540,118,107,90,83%,57%,75%,25%,53%,47%,16,18,17,16,1,0,14,2
13-14,22,Hannover 96 ,Bayern München ,0,4,0,2,8,14,"114,5 km","111,86 km",288,739,186,653,102,86,65%,88%,29%,71%,47%,53%,10,11,11,10,4,2,6,4
13-14,23,Hertha BSC ,SC Freiburg ,0,0,0,0,9,7,"117,34 km","118,34 km",369,515,269,377,100,138,73%,73%,42%,58%,49%,51%,11,14,14,11,1,1,4,4
13-14,23,Borussia Dortmund ,1. FC Nürnberg ,3,0,0,0,28,4,"118,2 km","121,23 km",453,517,351,420,102,97,77%,81%,47%,53%,52%,48%,9,13,12,9,6,1,8,1
13-14,23,Bayer 04 Leverkusen ,1. FSV Mainz 05 ,0,1,0,1,19,10,"114,95 km","119,05 km",458,313,370,218,88,95,81%,70%,61%,39%,51%,49%,19,13,12,19,1,0,7,0
13-14,23,Werder Bremen ,Hamburger SV ,1,0,1,0,16,11,"116,63 km","116,18 km",284,412,165,310,119,102,58%,75%,40%,60%,49%,51%,25,17,16,25,2,2,4,5
13-14,23,FC Augsburg ,Hannover 96 ,1,1,0,1,16,10,"115,18 km","119,96 km",482,399,397,310,85,89,82%,78%,55%,45%,52%,48%,14,17,17,14,5,0,7,2
13-14,23,Eintracht Braunschweig ,Bor. Mönchengladbach ,1,1,0,1,20,12,"121,26 km","118,59 km",359,505,273,412,86,93,76%,82%,42%,58%,52%,48%,12,14,14,12,0,2,10,4
13-14,23,Bayern München ,FC Schalke 04 ,5,1,4,0,22,10,"107,18 km","105,41 km",855,267,792,204,63,63,93%,76%,76%,24%,52%,48%,8,12,11,8,1,0,14,4
13-14,23,TSG Hoffenheim ,VfL Wolfsburg ,6,2,4,1,17,6,"118,32 km","111,91 km",448,450,310,316,138,134,69%,70%,50%,50%,48%,52%,15,21,20,15,5,1,4,3
13-14,23,Eintracht Frankfurt ,VfB Stuttgart ,2,1,0,1,13,13,"116,84 km","118,6 km",483,351,387,245,96,106,80%,70%,59%,41%,53%,47%,23,16,15,23,5,4,8,5
13-14,24,FC Schalke 04 ,TSG Hoffenheim ,4,0,2,0,24,10,"114,06 km","113,84 km",376,430,267,344,109,86,71%,80%,47%,53%,49%,51%,19,18,17,19,4,9,4,3
13-14,24,Bor. Mönchengladbach ,FC Augsburg ,1,2,1,1,15,19,"120,86 km","123,02 km",539,496,448,401,91,95,83%,81%,52%,48%,53%,47%,9,11,11,9,4,4,3,7
13-14,24,VfB Stuttgart ,Eintracht Braunschweig ,2,2,2,1,14,11,"110,03 km","113,45 km",416,273,283,175,133,98,68%,64%,60%,40%,49%,51%,17,15,15,15,2,5,11,6
13-14,24,Hannover 96 ,Bayer 04 Leverkusen ,1,1,1,1,19,10,"121,39 km","115,62 km",379,463,299,354,80,109,79%,76%,46%,54%,45%,55%,5,14,14,5,3,5,9,2
13-14,24,VfL Wolfsburg ,Bayern München ,1,6,1,1,12,18,115 km,"116,01 km",304,690,224,616,80,74,74%,89%,32%,68%,46%,54%,15,10,8,13,1,2,5,3
13-14,24,Hamburger SV ,Eintracht Frankfurt ,1,1,0,1,15,7,"111,94 km","113,81 km",582,362,493,256,89,106,85%,71%,61%,39%,55%,45%,15,12,11,15,1,1,3,3
13-14,24,1. FC Nürnberg ,Werder Bremen ,0,2,0,1,16,12,"120,57 km","119,66 km",560,298,427,187,133,111,76%,63%,66%,34%,49%,51%,17,11,10,17,1,1,5,2
13-14,24,SC Freiburg ,Borussia Dortmund ,0,1,0,0,10,12,"121,28 km","120,85 km",611,444,507,333,104,111,83%,75%,58%,42%,54%,46%,7,12,11,7,2,2,1,5
13-14,24,1. FSV Mainz 05 ,Hertha BSC ,1,1,0,0,16,12,"116,12 km","113,86 km",414,395,307,295,107,100,74%,75%,51%,49%,53%,47%,13,14,13,13,2,0,5,4
13-14,25,FC Augsburg ,FC Schalke 04 ,1,2,1,1,21,10,"118,63 km","119,53 km",404,340,315,260,89,80,78%,76%,55%,45%,64%,36%,14,23,22,12,0,2,12,6
13-14,25,Borussia Dortmund ,Bor. Mönchengladbach ,1,2,0,2,25,7,"126,27 km","118,3 km",596,459,490,354,106,105,82%,77%,57%,43%,44%,56%,12,11,11,12,6,1,8,3
13-14,25,Werder Bremen ,VfB Stuttgart ,1,1,0,0,10,16,"118,02 km","119,48 km",427,429,285,281,142,148,67%,66%,49%,51%,51%,49%,18,19,16,17,2,0,2,9
13-14,25,TSG Hoffenheim ,1. FSV Mainz 05 ,2,4,0,0,22,11,"116,86 km","117,28 km",396,424,258,293,138,131,65%,69%,49%,51%,51%,49%,16,15,15,16,0,2,11,1
13-14,25,Eintracht Braunschweig ,VfL Wolfsburg ,1,1,0,1,8,11,"118,77 km","116,44 km",247,562,140,439,107,123,57%,78%,32%,68%,49%,51%,15,22,21,14,2,0,3,4
13-14,25,Hertha BSC ,Hannover 96 ,0,3,0,0,16,7,"117,07 km","121,73 km",533,376,405,245,128,131,76%,65%,59%,41%,59%,41%,8,17,17,6,4,2,6,1
13-14,25,Bayern München ,Bayer 04 Leverkusen ,2,1,1,0,23,6,"113,92 km","117,16 km",824,209,742,136,82,73,90%,65%,78%,22%,47%,53%,11,18,18,11,2,5,12,6
13-14,25,Hamburger SV ,1. FC Nürnberg ,2,1,0,0,26,9,"114,38 km","115,58 km",353,401,265,313,88,88,75%,78%,47%,53%,57%,43%,12,18,18,12,1,2,10,5
13-14,25,Eintracht Frankfurt ,SC Freiburg ,1,4,0,1,26,7,"112,6 km","122,59 km",484,277,381,190,103,87,79%,69%,64%,36%,57%,43%,19,18,17,18,2,2,12,1
13-14,26,SC Freiburg ,Werder Bremen ,3,1,1,0,14,7,"121,87 km","119,86 km",382,377,276,276,106,101,72%,73%,50%,50%,50%,50%,19,15,14,17,2,4,5,4
13-14,26,FC Schalke 04 ,Eintracht Braunschweig ,3,1,1,0,33,11,"118,67 km","120,16 km",580,280,489,175,91,105,84%,62%,67%,33%,55%,45%,14,20,19,14,0,1,14,4
13-14,26,VfB Stuttgart ,Hamburger SV ,1,0,0,0,12,6,"121,07 km","112,43 km",439,487,358,411,81,76,82%,84%,48%,52%,56%,44%,18,13,13,18,3,3,5,2
13-14,26,Hannover 96 ,Borussia Dortmund ,0,3,0,1,9,15,"120,42 km","123,2 km",529,484,425,394,104,90,80%,81%,53%,47%,50%,50%,12,16,16,10,2,4,5,3
13-14,26,VfL Wolfsburg ,FC Augsburg ,1,1,0,1,10,12,"116,19 km","116,31 km",455,329,374,245,81,84,82%,74%,58%,42%,52%,48%,23,11,10,22,0,4,6,3
13-14,26,1. FSV Mainz 05 ,Bayern München ,0,2,0,0,4,23,"120,21 km","115,17 km",224,825,142,737,82,88,63%,89%,22%,78%,45%,55%,13,11,11,13,8,1,2,9
13-14,26,Bor. Mönchengladbach ,Hertha BSC ,3,0,3,0,8,8,"114,21 km",116 km,714,508,632,421,82,87,89%,83%,58%,42%,54%,46%,7,12,12,7,1,1,4,5
13-14,26,1. FC Nürnberg ,Eintracht Frankfurt ,2,5,0,1,13,23,"115,44 km","114,05 km",389,391,272,265,117,126,70%,68%,51%,49%,49%,51%,19,15,15,19,1,2,2,5
13-14,26,Bayer 04 Leverkusen ,TSG Hoffenheim ,2,3,1,2,12,12,"118,91 km","121,08 km",589,324,488,234,101,90,83%,72%,64%,36%,51%,49%,15,18,18,14,3,1,6,2
13-14,27,Borussia Dortmund ,FC Schalke 04 ,0,0,0,0,18,8,"119,84 km","118,14 km",460,337,332,213,128,124,72%,63%,58%,42%,53%,47%,17,24,23,16,2,2,4,2
13-14,27,Werder Bremen ,VfL Wolfsburg ,1,3,1,2,6,19,"118,33 km","115,26 km",314,503,199,395,115,108,63%,79%,39%,61%,44%,56%,18,19,18,18,2,3,3,8
13-14,27,Eintracht Braunschweig ,1. FSV Mainz 05 ,3,1,2,1,14,12,"120,95 km","119,56 km",303,469,174,333,129,136,57%,71%,40%,60%,51%,49%,16,25,23,14,3,0,6,7
13-14,27,Hertha BSC ,Bayern München ,1,3,0,2,4,13,"117,74 km","112,16 km",210,1078,142,1004,68,74,68%,93%,18%,82%,41%,59%,13,8,7,13,3,2,2,3
13-14,27,1. FC Nürnberg ,VfB Stuttgart ,2,0,1,0,11,13,"124,62 km","121,28 km",441,386,323,257,118,129,73%,67%,53%,47%,51%,49%,18,11,11,18,2,0,6,4
13-14,27,TSG Hoffenheim ,Hannover 96 ,3,1,1,1,20,8,"121,09 km","119,55 km",455,530,351,427,104,103,77%,81%,46%,54%,58%,42%,16,15,14,16,4,0,5,1
13-14,27,FC Augsburg ,Bayer 04 Leverkusen ,1,3,0,1,22,13,"118,4 km","119,52 km",501,387,413,304,88,83,82%,79%,58%,42%,50%,50%,14,17,17,10,2,5,10,3
13-14,27,Hamburger SV ,SC Freiburg ,1,1,0,0,21,11,"112,76 km","122,88 km",423,392,323,273,100,119,76%,70%,52%,48%,54%,46%,17,15,15,17,2,1,6,3
13-14,27,Eintracht Frankfurt ,Bor. Mönchengladbach ,1,0,1,0,14,9,"119,33 km","121,19 km",388,616,303,517,85,99,78%,84%,40%,60%,55%,45%,11,12,12,11,7,1,11,7
13-14,28,FC Schalke 04 ,Hertha BSC ,2,0,1,0,13,11,"122,35 km","118,05 km",445,400,326,284,119,116,73%,71%,52%,48%,57%,43%,17,19,18,17,1,3,1,4
13-14,28,Bayern München ,TSG Hoffenheim ,3,3,3,2,11,20,"115,04 km","121,22 km",601,287,484,177,117,110,81%,62%,67%,33%,53%,47%,13,18,18,13,3,4,3,1
13-14,28,Bayer 04 Leverkusen ,Eintracht Braunschweig ,1,1,0,0,15,9,"115,19 km","118,3 km",518,247,410,165,108,82,79%,67%,67%,33%,57%,43%,16,13,12,16,5,4,7,1
13-14,28,VfB Stuttgart ,Borussia Dortmund ,2,3,2,1,11,17,"113,55 km","118,76 km",270,612,168,507,102,105,62%,83%,31%,69%,52%,48%,15,14,14,14,1,2,2,9
13-14,28,VfL Wolfsburg ,Eintracht Frankfurt ,2,1,0,1,22,11,"111,44 km","108,04 km",423,307,339,198,84,109,80%,64%,58%,42%,55%,45%,19,19,19,17,1,5,4,3
13-14,28,1. FSV Mainz 05 ,FC Augsburg ,3,0,2,0,14,12,"118,68 km","115,26 km",441,385,362,282,79,103,82%,73%,53%,47%,53%,47%,14,20,20,14,1,1,5,8
13-14,28,SC Freiburg ,1. FC Nürnberg ,3,2,1,2,14,9,"122,07 km","119,33 km",361,328,261,232,100,96,72%,71%,52%,48%,44%,56%,16,22,21,16,2,1,8,4
13-14,28,Bor. Mönchengladbach ,Hamburger SV ,3,1,1,1,17,17,"114,37 km","114,88 km",634,373,558,298,76,75,88%,80%,62%,38%,49%,51%,11,15,14,11,3,3,6,10
13-14,28,Hannover 96 ,Werder Bremen ,1,2,1,0,9,11,"116,22 km","115,56 km",406,397,288,276,118,121,71%,70%,52%,48%,44%,56%,19,13,13,17,0,9,10,8
13-14,29,Hamburger SV ,Bayer 04 Leverkusen ,2,1,1,0,18,19,"120,82 km","121,12 km",358,509,251,384,107,125,70%,75%,40%,60%,46%,54%,16,15,15,15,1,1,4,14
13-14,29,VfB Stuttgart ,SC Freiburg ,2,0,0,0,12,18,"117,99 km","120,03 km",450,362,357,278,93,84,79%,77%,56%,44%,52%,48%,13,17,17,12,1,3,3,6
13-14,29,Werder Bremen ,FC Schalke 04 ,1,1,1,1,19,9,"115,79 km","113,53 km",334,436,235,333,99,103,70%,76%,44%,56%,52%,48%,17,20,18,17,2,2,9,4
13-14,29,1. FC Nürnberg ,Bor. Mönchengladbach ,0,2,0,1,14,15,"118,41 km","117,19 km",526,400,443,318,83,82,84%,80%,57%,43%,56%,44%,7,16,16,7,5,2,8,5
13-14,29,FC Augsburg ,Bayern München ,1,0,1,0,11,16,"115,92 km","112,65 km",322,686,219,591,103,95,68%,86%,33%,67%,42%,58%,16,13,13,15,5,1,3,4
13-14,29,Eintracht Frankfurt ,1. FSV Mainz 05 ,2,0,0,0,14,17,"109,76 km","109,71 km",323,428,240,356,83,72,74%,83%,43%,57%,57%,43%,11,18,18,10,5,4,2,6
13-14,29,Borussia Dortmund ,VfL Wolfsburg ,2,1,0,1,10,19,"118,03 km","115,03 km",376,415,237,286,139,129,63%,69%,48%,52%,52%,48%,15,14,13,13,3,3,7,2
13-14,29,Eintracht Braunschweig ,Hannover 96 ,3,0,2,0,11,11,"116,24 km","111,71 km",228,472,130,351,98,121,57%,74%,33%,67%,54%,46%,17,16,16,16,4,2,5,6
13-14,29,Hertha BSC ,TSG Hoffenheim ,1,1,1,1,11,11,"112,72 km","115,72 km",365,442,206,277,159,165,56%,63%,45%,55%,46%,54%,19,17,17,18,1,2,3,4
13-14,30,FC Schalke 04 ,Eintracht Frankfurt ,2,0,0,0,22,10,"116,74 km","111,31 km",501,365,420,270,81,95,84%,74%,57%,43%,44%,56%,15,14,12,14,1,0,4,5
13-14,30,Bor. Mönchengladbach ,VfB Stuttgart ,1,1,0,1,14,18,"117,27 km","121,43 km",640,358,545,259,95,99,85%,72%,64%,36%,49%,51%,12,15,15,12,2,1,6,5
13-14,30,Hannover 96 ,Hamburger SV ,2,1,1,0,31,5,"111,5 km","111,7 km",331,293,229,168,102,125,69%,57%,53%,47%,51%,49%,20,16,16,18,1,1,5,2
13-14,30,VfL Wolfsburg ,1. FC Nürnberg ,4,1,2,1,24,5,"114,14 km","114,36 km",365,367,273,273,92,94,75%,74%,50%,50%,48%,52%,13,13,13,12,3,4,11,2
13-14,30,SC Freiburg ,Eintracht Braunschweig ,2,0,1,0,19,13,"119,48 km","116,66 km",383,385,281,275,102,110,73%,71%,50%,50%,52%,48%,15,20,20,15,2,2,3,3
13-14,30,1. FSV Mainz 05 ,Werder Bremen ,3,0,3,0,23,9,"115,85 km","115,37 km",461,279,373,180,88,99,81%,65%,60%,40%,58%,42%,12,17,16,12,6,4,3,12
13-14,30,Bayern München ,Borussia Dortmund ,0,3,0,1,14,9,"109,96 km","117,64 km",685,283,585,189,100,94,85%,67%,71%,29%,52%,48%,17,13,12,15,3,9,12,2
13-14,30,Bayer 04 Leverkusen ,Hertha BSC ,2,1,2,1,17,9,"116,27 km","117,92 km",464,398,336,279,128,119,72%,70%,53%,47%,55%,45%,17,13,13,17,1,1,7,2
13-14,30,TSG Hoffenheim ,FC Augsburg ,2,0,2,0,26,23,"120,61 km","114,97 km",339,431,238,320,101,111,70%,74%,44%,56%,43%,57%,22,19,18,21,0,1,6,10
13-14,31,Eintracht Frankfurt ,Hannover 96 ,2,3,1,3,14,16,"117,08 km","121,04 km",449,349,319,246,130,103,71%,70%,56%,44%,56%,44%,24,22,21,24,4,3,3,4
13-14,31,Borussia Dortmund ,1. FSV Mainz 05 ,4,2,2,1,30,9,"117,1 km","114,38 km",423,418,296,295,127,123,70%,71%,50%,50%,53%,48%,9,18,15,8,4,4,12,2
13-14,31,Werder Bremen ,TSG Hoffenheim ,3,1,1,1,12,14,"113,37 km","111,88 km",339,348,212,227,127,121,63%,65%,49%,51%,51%,49%,11,24,24,10,1,3,8,6
